,VITIS_LOOP_37_1,seq_loop_status1.csv
,VITIS_LOOP_225_19,seq_loop_status2.csv
,VITIS_LOOP_223_18,seq_loop_status3.csv
grp_dut_Pipeline_VITIS_LOOP_63_3_VITIS_LOOP_64_4_fu_419,VITIS_LOOP_63_3_VITIS_LOOP_64_4,upc_loop_status1.csv
grp_dut_Pipeline_VITIS_LOOP_40_2_fu_431,VITIS_LOOP_40_2,upc_loop_status2.csv
grp_dut_Pipeline_VITIS_LOOP_88_5_VITIS_LOOP_89_6_fu_443,VITIS_LOOP_88_5_VITIS_LOOP_89_6,upc_loop_status3.csv
grp_dut_Pipeline_VITIS_LOOP_112_7_VITIS_LOOP_113_8_fu_456,VITIS_LOOP_112_7_VITIS_LOOP_113_8,upc_loop_status4.csv
grp_dut_Pipeline_VITIS_LOOP_132_9_VITIS_LOOP_133_10_fu_469,VITIS_LOOP_132_9_VITIS_LOOP_133_10,upc_loop_status5.csv
grp_dut_Pipeline_VITIS_LOOP_153_11_VITIS_LOOP_154_12_fu_482,VITIS_LOOP_153_11_VITIS_LOOP_154_12,upc_loop_status6.csv
grp_dut_Pipeline_VITIS_LOOP_164_13_fu_492,VITIS_LOOP_164_13,upc_loop_status7.csv
grp_dut_Pipeline_VITIS_LOOP_177_14_fu_501,VITIS_LOOP_177_14,upc_loop_status8.csv
grp_dut_Pipeline_VITIS_LOOP_192_15_VITIS_LOOP_193_16_fu_512,VITIS_LOOP_192_15_VITIS_LOOP_193_16,upc_loop_status9.csv
grp_dut_Pipeline_VITIS_LOOP_204_17_fu_522,VITIS_LOOP_204_17,upc_loop_status10.csv
grp_dut_Pipeline_VITIS_LOOP_231_20_fu_531,VITIS_LOOP_231_20,upc_loop_status11.csv
