,AESL_inst_dut,,module_status1.csv
,grp_dut_Pipeline_VITIS_LOOP_63_3_VITIS_LOOP_64_4_fu_419,,module_status2.csv
,grp_dut_Pipeline_VITIS_LOOP_40_2_fu_431,,module_status3.csv
,grp_dut_Pipeline_VITIS_LOOP_88_5_VITIS_LOOP_89_6_fu_443,,module_status4.csv
,grp_dut_Pipeline_VITIS_LOOP_112_7_VITIS_LOOP_113_8_fu_456,,module_status5.csv
,grp_dut_Pipeline_VITIS_LOOP_132_9_VITIS_LOOP_133_10_fu_469,,module_status6.csv
,grp_dut_Pipeline_VITIS_LOOP_153_11_VITIS_LOOP_154_12_fu_482,,module_status7.csv
,grp_dut_Pipeline_VITIS_LOOP_164_13_fu_492,,module_status8.csv
,grp_dut_Pipeline_VITIS_LOOP_177_14_fu_501,,module_status9.csv
,grp_dut_Pipeline_VITIS_LOOP_192_15_VITIS_LOOP_193_16_fu_512,,module_status10.csv
,grp_dut_Pipeline_VITIS_LOOP_204_17_fu_522,,module_status11.csv
,grp_dut_Pipeline_VITIS_LOOP_231_20_fu_531,,module_status12.csv
